21	ac est lacinia nisi venenatis tristique fusce congue diam id ornare imperdiet sapien urna pretium
22	nulla suspendisse potenti cras in purus eu magna vulputate luctus cum
23	ut massa quis augue luctus tincidunt nulla mollis molestie lorem
24	praesent blandit lacinia erat vestibulum sed magna at nunc commodo placerat praesent blandit nam nulla integer pede
25	posuere cubilia curae mauris viverra diam vitae quam suspendisse potenti nullam porttitor lacus at turpis donec
26	lacinia sapien quis libero nullam sit amet turpis elementum ligula vehicula consequat morbi a ipsum integer a nibh in
27	enim blandit mi in porttitor pede justo eu massa donec dapibus
28	erat fermentum justo nec condimentum neque sapien placerat ante nulla justo aliquam quis turpis eget elit sodales scelerisque mauris sit
29	amet eros suspendisse accumsan tortor quis turpis sed ante vivamus tortor duis mattis egestas metus aenean fermentum donec ut
30	est et tempus semper est quam pharetra magna ac consequat metus sapien ut
31	libero ut massa volutpat convallis morbi odio odio elementum eu
32	nulla sed vel enim sit amet nunc viverra dapibus nulla suscipit ligula in lacus curabitur at ipsum ac tellus
33	nunc donec quis orci eget orci vehicula condimentum curabitur in libero ut massa volutpat convallis morbi odio odio elementum eu
34	lectus aliquam sit amet diam in magna bibendum imperdiet nullam orci pede venenatis
35	donec dapibus duis at velit eu est congue elementum in hac habitasse platea dictumst morbi
36	commodo vulputate justo in blandit ultrices enim lorem ipsum dolor sit amet consectetuer
37	iaculis justo in hac habitasse platea dictumst etiam faucibus cursus urna ut tellus
38	pede libero quis orci nullam molestie nibh in lectus pellentesque at nulla suspendisse potenti cras in purus eu
39	ut massa volutpat convallis morbi odio odio elementum eu interdum eu tincidunt in leo maecenas pulvinar
40	libero ut massa volutpat convallis morbi odio odio elementum eu interdum
41	ultrices vel augue vestibulum ante ipsum primis in faucibus orci luctus
42	volutpat sapien arcu sed augue aliquam erat volutpat in congue etiam justo etiam pretium iaculis justo in hac habitasse platea
43	id mauris vulputate elementum nullam varius nulla facilisi cras non velit nec nisi vulputate
44	tincidunt eu felis fusce posuere felis sed lacus morbi sem mauris laoreet ut rhoncus aliquet pulvinar sed nisl nunc
45	ut massa quis augue luctus tincidunt nulla mollis molestie lorem quisque ut erat curabitur gravida nisi
